pred,id,rms,file_path
4.290977,2qux_F_nr_4.0_02858.1_F_rn53.cg.reconstr.pdb,0,/scr/risa/mgeyer/programs/ares_release/../../data/ares_compare/reconstructed/pdb_6/2qux_F_nr_4.0_02858.1_F_rn53.cg.reconstr.pdb
4.425015,2qux_F_nr_4.0_02858.1_F_rn83.cg.reconstr.pdb,0,/scr/risa/mgeyer/programs/ares_release/../../data/ares_compare/reconstructed/pdb_6/2qux_F_nr_4.0_02858.1_F_rn83.cg.reconstr.pdb
4.6307454,2qux_F_nr_4.0_02858.1_F_rn28.cg.reconstr.pdb,0,/scr/risa/mgeyer/programs/ares_release/../../data/ares_compare/reconstructed/pdb_6/2qux_F_nr_4.0_02858.1_F_rn28.cg.reconstr.pdb
5.2477365,2hvy_E_nr_4.0_99751.1_E_rn37.cg.reconstr.pdb,0,/scr/risa/mgeyer/programs/ares_release/../../data/ares_compare/reconstructed/pdb_3/2hvy_E_nr_4.0_99751.1_E_rn37.cg.reconstr.pdb
5.2741694,1e7k_C_nr_4.0_43622.1_C_be062.cg.reconstr.pdb,0,/scr/risa/mgeyer/programs/ares_release/../../data/ares_compare/reconstructed/pdb_1/1e7k_C_nr_4.0_43622.1_C_be062.cg.reconstr.pdb
5.3442469,2hvy_E_nr_4.0_99751.1_E_rn58.cg.reconstr.pdb,0,/scr/risa/mgeyer/programs/ares_release/../../data/ares_compare/reconstructed/pdb_3/2hvy_E_nr_4.0_99751.1_E_rn58.cg.reconstr.pdb
5.7131124,2hvy_E_nr_4.0_99751.1_E_rn17.cg.reconstr.pdb,0,/scr/risa/mgeyer/programs/ares_release/../../data/ares_compare/reconstructed/pdb_2/2hvy_E_nr_4.0_99751.1_E_rn17.cg.reconstr.pdb
5.7555299,2hvy_E_nr_4.0_99751.1_E_rn59.cg.reconstr.pdb,0,/scr/risa/mgeyer/programs/ares_release/../../data/ares_compare/reconstructed/pdb_3/2hvy_E_nr_4.0_99751.1_E_rn59.cg.reconstr.pdb
5.7573419,1e7k_C_nr_4.0_43622.1_C_be022.cg.reconstr.pdb,0,/scr/risa/mgeyer/programs/ares_release/../../data/ares_compare/reconstructed/pdb_1/1e7k_C_nr_4.0_43622.1_C_be022.cg.reconstr.pdb
5.7830963,2hvy_E_nr_4.0_99751.1_E_rn24.cg.reconstr.pdb,0,/scr/risa/mgeyer/programs/ares_release/../../data/ares_compare/reconstructed/pdb_3/2hvy_E_nr_4.0_99751.1_E_rn24.cg.reconstr.pdb
5.873044,2c4q_R_nr_4.0_51266.3_R_rn36.cg.reconstr.pdb,0,/scr/risa/mgeyer/programs/ares_release/../../data/ares_compare/reconstructed/pdb_2/2c4q_R_nr_4.0_51266.3_R_rn36.cg.reconstr.pdb
6.1985478,2quw_B_nr_4.0_36634.1_B_rn78.cg.reconstr.pdb,0,/scr/risa/mgeyer/programs/ares_release/../../data/ares_compare/reconstructed/pdb_6/2quw_B_nr_4.0_36634.1_B_rn78.cg.reconstr.pdb
6.2729936,2hw8_B_nr_4.0_40597.1_B_rn84.cg.reconstr.pdb,0,/scr/risa/mgeyer/programs/ares_release/../../data/ares_compare/reconstructed/pdb_3/2hw8_B_nr_4.0_40597.1_B_rn84.cg.reconstr.pdb
6.4681602,2hvy_E_nr_4.0_99751.1_E_rn53.cg.reconstr.pdb,0,/scr/risa/mgeyer/programs/ares_release/../../data/ares_compare/reconstructed/pdb_3/2hvy_E_nr_4.0_99751.1_E_rn53.cg.reconstr.pdb
6.4923997,2hw8_B_nr_4.0_40597.1_B_rn03.cg.reconstr.pdb,0,/scr/risa/mgeyer/programs/ares_release/../../data/ares_compare/reconstructed/pdb_3/2hw8_B_nr_4.0_40597.1_B_rn03.cg.reconstr.pdb
6.7083592,1e7k_C_nr_4.0_43622.1_C_rn52.cg.reconstr.pdb,0,/scr/risa/mgeyer/programs/ares_release/../../data/ares_compare/reconstructed/pdb_1/1e7k_C_nr_4.0_43622.1_C_rn52.cg.reconstr.pdb
6.7378664,2quw_B_nr_4.0_36634.1_B_rn44.cg.reconstr.pdb,0,/scr/risa/mgeyer/programs/ares_release/../../data/ares_compare/reconstructed/pdb_5/2quw_B_nr_4.0_36634.1_B_rn44.cg.reconstr.pdb
6.748425,2xxa_F_nr_4.0_57933.1_F_rn09.cg.reconstr.pdb,0,/scr/risa/mgeyer/programs/ares_release/../../data/ares_compare/reconstructed/pdb_4/2xxa_F_nr_4.0_57933.1_F_rn09.cg.reconstr.pdb
6.770206,2xxa_F_nr_4.0_57933.1_F_rn21.cg.reconstr.pdb,0,/scr/risa/mgeyer/programs/ares_release/../../data/ares_compare/reconstructed/pdb_4/2xxa_F_nr_4.0_57933.1_F_rn21.cg.reconstr.pdb
6.8593173,2hvy_E_nr_4.0_99751.1_E_rn26.cg.reconstr.pdb,0,/scr/risa/mgeyer/programs/ares_release/../../data/ares_compare/reconstructed/pdb_3/2hvy_E_nr_4.0_99751.1_E_rn26.cg.reconstr.pdb
6.8869686,2vpl_B_nr_4.0_09706.1_B_rn72.cg.reconstr.pdb,0,/scr/risa/mgeyer/programs/ares_release/../../data/ares_compare/reconstructed/pdb_4/2vpl_B_nr_4.0_09706.1_B_rn72.cg.reconstr.pdb
6.981051,2qus_A_nr_4.0_40252.1_A_be021.cg.reconstr.pdb,0,/scr/risa/mgeyer/programs/ares_release/../../data/ares_compare/reconstructed/pdb_5/2qus_A_nr_4.0_40252.1_A_be021.cg.reconstr.pdb
6.981051,2qus_A_nr_4.0_40252.1_A_be022.cg.reconstr.pdb,0,/scr/risa/mgeyer/programs/ares_release/../../data/ares_compare/reconstructed/pdb_5/2qus_A_nr_4.0_40252.1_A_be022.cg.reconstr.pdb
7.0723119,1f1t_A_nr_4.0_74421.1_A_rn66.cg.reconstr.pdb,0,/scr/risa/mgeyer/programs/ares_release/../../data/ares_compare/reconstructed/pdb_2/1f1t_A_nr_4.0_74421.1_A_rn66.cg.reconstr.pdb
7.0836616,2azx_D_nr_4.0_98033.1_D_be090.cg.reconstr.pdb,0,/scr/risa/mgeyer/programs/ares_release/../../data/ares_compare/reconstructed/pdb_2/2azx_D_nr_4.0_98033.1_D_be090.cg.reconstr.pdb
7.1108418,1e8o_E_nr_4.0_76196.1_E_rn81.cg.reconstr.pdb,0,/scr/risa/mgeyer/programs/ares_release/../../data/ares_compare/reconstructed/pdb_1/1e8o_E_nr_4.0_76196.1_E_rn81.cg.reconstr.pdb
7.1167107,2quw_B_nr_4.0_36634.1_B_rn64.cg.reconstr.pdb,0,/scr/risa/mgeyer/programs/ares_release/../../data/ares_compare/reconstructed/pdb_5/2quw_B_nr_4.0_36634.1_B_rn64.cg.reconstr.pdb
7.1581731,2vpl_B_nr_4.0_09706.1_B_rn60.cg.reconstr.pdb,0,/scr/risa/mgeyer/programs/ares_release/../../data/ares_compare/reconstructed/pdb_4/2vpl_B_nr_4.0_09706.1_B_rn60.cg.reconstr.pdb
7.2332454,2hvy_E_nr_4.0_99751.1_E_br1.cg.reconstr.pdb,0,/scr/risa/mgeyer/programs/ares_release/../../data/ares_compare/reconstructed/pdb_2/2hvy_E_nr_4.0_99751.1_E_br1.cg.reconstr.pdb
7.2724557,2r8s_R_nr_4.0_39627.4_R_rn40.cg.reconstr.pdb,0,/scr/risa/mgeyer/programs/ares_release/../../data/ares_compare/reconstructed/pdb_6/2r8s_R_nr_4.0_39627.4_R_rn40.cg.reconstr.pdb
7.2958779,1e8o_E_nr_4.0_76196.1_E_rn86.cg.reconstr.pdb,0,/scr/risa/mgeyer/programs/ares_release/../../data/ares_compare/reconstructed/pdb_2/1e8o_E_nr_4.0_76196.1_E_rn86.cg.reconstr.pdb
7.3013792,1e7k_C_nr_4.0_43622.1_C_rn07.cg.reconstr.pdb,0,/scr/risa/mgeyer/programs/ares_release/../../data/ares_compare/reconstructed/pdb_1/1e7k_C_nr_4.0_43622.1_C_rn07.cg.reconstr.pdb
7.424325,1e8o_E_nr_4.0_76196.1_E_rn21.cg.reconstr.pdb,0,/scr/risa/mgeyer/programs/ares_release/../../data/ares_compare/reconstructed/pdb_1/1e8o_E_nr_4.0_76196.1_E_rn21.cg.reconstr.pdb
7.4704957,2hvy_E_nr_4.0_99751.1_E_rn46.cg.reconstr.pdb,0,/scr/risa/mgeyer/programs/ares_release/../../data/ares_compare/reconstructed/pdb_3/2hvy_E_nr_4.0_99751.1_E_rn46.cg.reconstr.pdb
7.4718747,2xxa_F_nr_4.0_57933.1_F_rn37.cg.reconstr.pdb,0,/scr/risa/mgeyer/programs/ares_release/../../data/ares_compare/reconstructed/pdb_4/2xxa_F_nr_4.0_57933.1_F_rn37.cg.reconstr.pdb
7.4968748,2hvy_E_nr_4.0_99751.1_E_rn62.cg.reconstr.pdb,0,/scr/risa/mgeyer/programs/ares_release/../../data/ares_compare/reconstructed/pdb_3/2hvy_E_nr_4.0_99751.1_E_rn62.cg.reconstr.pdb
7.5058331,1f1t_A_nr_4.0_74421.1_A_rn25.cg.reconstr.pdb,0,/scr/risa/mgeyer/programs/ares_release/../../data/ares_compare/reconstructed/pdb_2/1f1t_A_nr_4.0_74421.1_A_rn25.cg.reconstr.pdb
7.7122331,2hw8_B_nr_4.0_40597.1_B_br0.cg.reconstr.pdb,0,/scr/risa/mgeyer/programs/ares_release/../../data/ares_compare/reconstructed/pdb_3/2hw8_B_nr_4.0_40597.1_B_br0.cg.reconstr.pdb
7.7286196,2c4q_R_nr_4.0_51266.3_R_rn09.cg.reconstr.pdb,0,/scr/risa/mgeyer/programs/ares_release/../../data/ares_compare/reconstructed/pdb_2/2c4q_R_nr_4.0_51266.3_R_rn09.cg.reconstr.pdb
7.7451506,1e7k_C_nr_4.0_43622.1_C_rn03.cg.reconstr.pdb,0,/scr/risa/mgeyer/programs/ares_release/../../data/ares_compare/reconstructed/pdb_1/1e7k_C_nr_4.0_43622.1_C_rn03.cg.reconstr.pdb
7.7794113,2vpl_B_nr_4.0_09706.1_B_rn67.cg.reconstr.pdb,0,/scr/risa/mgeyer/programs/ares_release/../../data/ares_compare/reconstructed/pdb_4/2vpl_B_nr_4.0_09706.1_B_rn67.cg.reconstr.pdb
7.7995987,2vpl_B_nr_4.0_09706.1_B_rn75.cg.reconstr.pdb,0,/scr/risa/mgeyer/programs/ares_release/../../data/ares_compare/reconstructed/pdb_4/2vpl_B_nr_4.0_09706.1_B_rn75.cg.reconstr.pdb
7.802772,2hw8_B_nr_4.0_40597.1_B_rn43.cg.reconstr.pdb,0,/scr/risa/mgeyer/programs/ares_release/../../data/ares_compare/reconstructed/pdb_3/2hw8_B_nr_4.0_40597.1_B_rn43.cg.reconstr.pdb
7.8227034,1f1t_A_nr_4.0_74421.1_A_rn67.cg.reconstr.pdb,0,/scr/risa/mgeyer/programs/ares_release/../../data/ares_compare/reconstructed/pdb_2/1f1t_A_nr_4.0_74421.1_A_rn67.cg.reconstr.pdb
7.8268628,1e8o_E_nr_4.0_76196.1_E_rn49.cg.reconstr.pdb,0,/scr/risa/mgeyer/programs/ares_release/../../data/ares_compare/reconstructed/pdb_1/1e8o_E_nr_4.0_76196.1_E_rn49.cg.reconstr.pdb
7.8356414,2qus_A_nr_4.0_40252.1_A_rn45.cg.reconstr.pdb,0,/scr/risa/mgeyer/programs/ares_release/../../data/ares_compare/reconstructed/pdb_5/2qus_A_nr_4.0_40252.1_A_rn45.cg.reconstr.pdb
7.8605785,2hw8_B_nr_4.0_40597.1_B_rn50.cg.reconstr.pdb,0,/scr/risa/mgeyer/programs/ares_release/../../data/ares_compare/reconstructed/pdb_3/2hw8_B_nr_4.0_40597.1_B_rn50.cg.reconstr.pdb
7.8747568,2quw_B_nr_4.0_36634.1_B_rn74.cg.reconstr.pdb,0,/scr/risa/mgeyer/programs/ares_release/../../data/ares_compare/reconstructed/pdb_6/2quw_B_nr_4.0_36634.1_B_rn74.cg.reconstr.pdb
7.8747592,2hw8_B_nr_4.0_40597.1_B_rn67.cg.reconstr.pdb,0,/scr/risa/mgeyer/programs/ares_release/../../data/ares_compare/reconstructed/pdb_3/2hw8_B_nr_4.0_40597.1_B_rn67.cg.reconstr.pdb
7.8949132,1e8o_E_nr_4.0_76196.1_E_be031.cg.reconstr.pdb,0,/scr/risa/mgeyer/programs/ares_release/../../data/ares_compare/reconstructed/pdb_1/1e8o_E_nr_4.0_76196.1_E_be031.cg.reconstr.pdb
7.9389815,2qus_A_nr_4.0_40252.1_A_rn07.cg.reconstr.pdb,0,/scr/risa/mgeyer/programs/ares_release/../../data/ares_compare/reconstructed/pdb_5/2qus_A_nr_4.0_40252.1_A_rn07.cg.reconstr.pdb
7.9425273,2vpl_B_nr_4.0_09706.1_B_rn13.cg.reconstr.pdb,0,/scr/risa/mgeyer/programs/ares_release/../../data/ares_compare/reconstructed/pdb_4/2vpl_B_nr_4.0_09706.1_B_rn13.cg.reconstr.pdb
7.9426713,2xxa_F_nr_4.0_57933.1_F_rn32.cg.reconstr.pdb,0,/scr/risa/mgeyer/programs/ares_release/../../data/ares_compare/reconstructed/pdb_4/2xxa_F_nr_4.0_57933.1_F_rn32.cg.reconstr.pdb
7.9494724,2hvy_E_nr_4.0_99751.1_E_rn57.cg.reconstr.pdb,0,/scr/risa/mgeyer/programs/ares_release/../../data/ares_compare/reconstructed/pdb_3/2hvy_E_nr_4.0_99751.1_E_rn57.cg.reconstr.pdb
7.9700766,2c4q_R_nr_4.0_51266.3_R_rn64.cg.reconstr.pdb,0,/scr/risa/mgeyer/programs/ares_release/../../data/ares_compare/reconstructed/pdb_2/2c4q_R_nr_4.0_51266.3_R_rn64.cg.reconstr.pdb
8.0020571,2qus_A_nr_4.0_40252.1_A_rn69.cg.reconstr.pdb,0,/scr/risa/mgeyer/programs/ares_release/../../data/ares_compare/reconstructed/pdb_5/2qus_A_nr_4.0_40252.1_A_rn69.cg.reconstr.pdb
8.0342588,1f1t_A_nr_4.0_74421.1_A_rn43.cg.reconstr.pdb,0,/scr/risa/mgeyer/programs/ares_release/../../data/ares_compare/reconstructed/pdb_2/1f1t_A_nr_4.0_74421.1_A_rn43.cg.reconstr.pdb
8.0442467,2r8s_R_nr_4.0_39627.4_R_be062.cg.reconstr.pdb,0,/scr/risa/mgeyer/programs/ares_release/../../data/ares_compare/reconstructed/pdb_6/2r8s_R_nr_4.0_39627.4_R_be062.cg.reconstr.pdb
8.0589819,1f1t_A_nr_4.0_74421.1_A_rn27.cg.reconstr.pdb,0,/scr/risa/mgeyer/programs/ares_release/../../data/ares_compare/reconstructed/pdb_2/1f1t_A_nr_4.0_74421.1_A_rn27.cg.reconstr.pdb
8.0613403,2hw8_B_nr_4.0_40597.1_B_rn25.cg.reconstr.pdb,0,/scr/risa/mgeyer/programs/ares_release/../../data/ares_compare/reconstructed/pdb_3/2hw8_B_nr_4.0_40597.1_B_rn25.cg.reconstr.pdb
8.0640841,2qux_F_nr_4.0_02858.1_F_rn51.cg.reconstr.pdb,0,/scr/risa/mgeyer/programs/ares_release/../../data/ares_compare/reconstructed/pdb_6/2qux_F_nr_4.0_02858.1_F_rn51.cg.reconstr.pdb
8.0856829,2r8s_R_nr_4.0_39627.4_R_be040.cg.reconstr.pdb,0,/scr/risa/mgeyer/programs/ares_release/../../data/ares_compare/reconstructed/pdb_6/2r8s_R_nr_4.0_39627.4_R_be040.cg.reconstr.pdb
8.1447868,2vpl_B_nr_4.0_09706.1_B_rn82.cg.reconstr.pdb,0,/scr/risa/mgeyer/programs/ares_release/../../data/ares_compare/reconstructed/pdb_4/2vpl_B_nr_4.0_09706.1_B_rn82.cg.reconstr.pdb
8.1955128,1e7k_C_nr_4.0_43622.1_C_rn44.cg.reconstr.pdb,0,/scr/risa/mgeyer/programs/ares_release/../../data/ares_compare/reconstructed/pdb_1/1e7k_C_nr_4.0_43622.1_C_rn44.cg.reconstr.pdb
8.2115984,2hw8_B_nr_4.0_40597.1_B_rn23.cg.reconstr.pdb,0,/scr/risa/mgeyer/programs/ares_release/../../data/ares_compare/reconstructed/pdb_3/2hw8_B_nr_4.0_40597.1_B_rn23.cg.reconstr.pdb
8.243228,2r8s_R_nr_4.0_39627.4_R_be061.cg.reconstr.pdb,0,/scr/risa/mgeyer/programs/ares_release/../../data/ares_compare/reconstructed/pdb_6/2r8s_R_nr_4.0_39627.4_R_be061.cg.reconstr.pdb
8.2553778,2vpl_B_nr_4.0_09706.1_B_rn44.cg.reconstr.pdb,0,/scr/risa/mgeyer/programs/ares_release/../../data/ares_compare/reconstructed/pdb_4/2vpl_B_nr_4.0_09706.1_B_rn44.cg.reconstr.pdb
8.2713976,2quw_B_nr_4.0_36634.1_B_rn09.cg.reconstr.pdb,0,/scr/risa/mgeyer/programs/ares_release/../../data/ares_compare/reconstructed/pdb_5/2quw_B_nr_4.0_36634.1_B_rn09.cg.reconstr.pdb
8.2753181,2r8s_R_nr_4.0_39627.4_R_be060.cg.reconstr.pdb,0,/scr/risa/mgeyer/programs/ares_release/../../data/ares_compare/reconstructed/pdb_6/2r8s_R_nr_4.0_39627.4_R_be060.cg.reconstr.pdb
8.3128309,1f1t_A_nr_4.0_74421.1_A_rn89.cg.reconstr.pdb,0,/scr/risa/mgeyer/programs/ares_release/../../data/ares_compare/reconstructed/pdb_2/1f1t_A_nr_4.0_74421.1_A_rn89.cg.reconstr.pdb
8.3210154,2hvy_E_nr_4.0_99751.1_E_be022.cg.reconstr.pdb,0,/scr/risa/mgeyer/programs/ares_release/../../data/ares_compare/reconstructed/pdb_2/2hvy_E_nr_4.0_99751.1_E_be022.cg.reconstr.pdb
8.3232489,2qus_A_nr_4.0_40252.1_A_rn68.cg.reconstr.pdb,0,/scr/risa/mgeyer/programs/ares_release/../../data/ares_compare/reconstructed/pdb_5/2qus_A_nr_4.0_40252.1_A_rn68.cg.reconstr.pdb
8.3294897,2xxa_F_nr_4.0_57933.1_F_rn27.cg.reconstr.pdb,0,/scr/risa/mgeyer/programs/ares_release/../../data/ares_compare/reconstructed/pdb_4/2xxa_F_nr_4.0_57933.1_F_rn27.cg.reconstr.pdb
8.3513947,2qus_A_nr_4.0_40252.1_A_rn53.cg.reconstr.pdb,0,/scr/risa/mgeyer/programs/ares_release/../../data/ares_compare/reconstructed/pdb_5/2qus_A_nr_4.0_40252.1_A_rn53.cg.reconstr.pdb
8.3577299,2qus_A_nr_4.0_40252.1_A_be042.cg.reconstr.pdb,0,/scr/risa/mgeyer/programs/ares_release/../../data/ares_compare/reconstructed/pdb_5/2qus_A_nr_4.0_40252.1_A_be042.cg.reconstr.pdb
8.3709517,2r8s_R_nr_4.0_39627.4_R_be022.cg.reconstr.pdb,0,/scr/risa/mgeyer/programs/ares_release/../../data/ares_compare/reconstructed/pdb_6/2r8s_R_nr_4.0_39627.4_R_be022.cg.reconstr.pdb
8.3770666,2r8s_R_nr_4.0_39627.4_R_be092.cg.reconstr.pdb,0,/scr/risa/mgeyer/programs/ares_release/../../data/ares_compare/reconstructed/pdb_6/2r8s_R_nr_4.0_39627.4_R_be092.cg.reconstr.pdb
8.3860388,2r8s_R_nr_4.0_39627.4_R_rn01.cg.reconstr.pdb,0,/scr/risa/mgeyer/programs/ares_release/../../data/ares_compare/reconstructed/pdb_6/2r8s_R_nr_4.0_39627.4_R_rn01.cg.reconstr.pdb
8.4049931,2vpl_B_nr_4.0_09706.1_B_rn78.cg.reconstr.pdb,0,/scr/risa/mgeyer/programs/ares_release/../../data/ares_compare/reconstructed/pdb_4/2vpl_B_nr_4.0_09706.1_B_rn78.cg.reconstr.pdb
8.4108887,2hvy_E_nr_4.0_99751.1_E_rn72.cg.reconstr.pdb,0,/scr/risa/mgeyer/programs/ares_release/../../data/ares_compare/reconstructed/pdb_3/2hvy_E_nr_4.0_99751.1_E_rn72.cg.reconstr.pdb
8.4241686,2qus_A_nr_4.0_40252.1_A_be010.cg.reconstr.pdb,0,/scr/risa/mgeyer/programs/ares_release/../../data/ares_compare/reconstructed/pdb_5/2qus_A_nr_4.0_40252.1_A_be010.cg.reconstr.pdb
8.4243612,2qux_F_nr_4.0_02858.1_F_rn01.cg.reconstr.pdb,0,/scr/risa/mgeyer/programs/ares_release/../../data/ares_compare/reconstructed/pdb_6/2qux_F_nr_4.0_02858.1_F_rn01.cg.reconstr.pdb
8.4643593,2hvy_E_nr_4.0_99751.1_E_rn18.cg.reconstr.pdb,0,/scr/risa/mgeyer/programs/ares_release/../../data/ares_compare/reconstructed/pdb_3/2hvy_E_nr_4.0_99751.1_E_rn18.cg.reconstr.pdb
8.4779778,1e8o_E_nr_4.0_76196.1_E_rn83.cg.reconstr.pdb,0,/scr/risa/mgeyer/programs/ares_release/../../data/ares_compare/reconstructed/pdb_1/1e8o_E_nr_4.0_76196.1_E_rn83.cg.reconstr.pdb
8.5022078,1f1t_A_nr_4.0_74421.1_A_rn50.cg.reconstr.pdb,0,/scr/risa/mgeyer/programs/ares_release/../../data/ares_compare/reconstructed/pdb_2/1f1t_A_nr_4.0_74421.1_A_rn50.cg.reconstr.pdb
8.5552444,2r8s_R_nr_4.0_39627.4_R_be021.cg.reconstr.pdb,0,/scr/risa/mgeyer/programs/ares_release/../../data/ares_compare/reconstructed/pdb_6/2r8s_R_nr_4.0_39627.4_R_be021.cg.reconstr.pdb
8.557477,1e8o_E_nr_4.0_76196.1_E_be090.cg.reconstr.pdb,0,/scr/risa/mgeyer/programs/ares_release/../../data/ares_compare/reconstructed/pdb_1/1e8o_E_nr_4.0_76196.1_E_be090.cg.reconstr.pdb
8.5667858,2hvy_E_nr_4.0_99751.1_E_rn83.cg.reconstr.pdb,0,/scr/risa/mgeyer/programs/ares_release/../../data/ares_compare/reconstructed/pdb_3/2hvy_E_nr_4.0_99751.1_E_rn83.cg.reconstr.pdb
8.5762749,2c4q_R_nr_4.0_51266.3_R_rn07.cg.reconstr.pdb,0,/scr/risa/mgeyer/programs/ares_release/../../data/ares_compare/reconstructed/pdb_2/2c4q_R_nr_4.0_51266.3_R_rn07.cg.reconstr.pdb
8.5989532,2xxa_F_nr_4.0_57933.1_F_rn22.cg.reconstr.pdb,0,/scr/risa/mgeyer/programs/ares_release/../../data/ares_compare/reconstructed/pdb_4/2xxa_F_nr_4.0_57933.1_F_rn22.cg.reconstr.pdb
8.6070547,2hvy_E_nr_4.0_99751.1_E_rn74.cg.reconstr.pdb,0,/scr/risa/mgeyer/programs/ares_release/../../data/ares_compare/reconstructed/pdb_3/2hvy_E_nr_4.0_99751.1_E_rn74.cg.reconstr.pdb
8.6146612,2r8s_R_nr_4.0_39627.4_R_rn20.cg.reconstr.pdb,0,/scr/risa/mgeyer/programs/ares_release/../../data/ares_compare/reconstructed/pdb_6/2r8s_R_nr_4.0_39627.4_R_rn20.cg.reconstr.pdb
8.6295671,1e8o_E_nr_4.0_76196.1_E_rn87.cg.reconstr.pdb,0,/scr/risa/mgeyer/programs/ares_release/../../data/ares_compare/reconstructed/pdb_2/1e8o_E_nr_4.0_76196.1_E_rn87.cg.reconstr.pdb
8.6350994,2r8s_R_nr_4.0_39627.4_R_be041.cg.reconstr.pdb,0,/scr/risa/mgeyer/programs/ares_release/../../data/ares_compare/reconstructed/pdb_6/2r8s_R_nr_4.0_39627.4_R_be041.cg.reconstr.pdb
8.6405554,1b23_R_nr_4.0_34221.1_R_rn44.cg.reconstr.pdb,0,/scr/risa/mgeyer/programs/ares_release/../../data/ares_compare/reconstructed/pdb_1/1b23_R_nr_4.0_34221.1_R_rn44.cg.reconstr.pdb
8.6791449,1e8o_E_nr_4.0_76196.1_E_rn45.cg.reconstr.pdb,0,/scr/risa/mgeyer/programs/ares_release/../../data/ares_compare/reconstructed/pdb_1/1e8o_E_nr_4.0_76196.1_E_rn45.cg.reconstr.pdb
8.6953793,2vpl_B_nr_4.0_09706.1_B_rn24.cg.reconstr.pdb,0,/scr/risa/mgeyer/programs/ares_release/../../data/ares_compare/reconstructed/pdb_4/2vpl_B_nr_4.0_09706.1_B_rn24.cg.reconstr.pdb
8.7104139,2quw_B_nr_4.0_36634.1_B_be051.cg.reconstr.pdb,0,/scr/risa/mgeyer/programs/ares_release/../../data/ares_compare/reconstructed/pdb_5/2quw_B_nr_4.0_36634.1_B_be051.cg.reconstr.pdb
8.7651386,1e8o_E_nr_4.0_76196.1_E_rn84.cg.reconstr.pdb,0,/scr/risa/mgeyer/programs/ares_release/../../data/ares_compare/reconstructed/pdb_2/1e8o_E_nr_4.0_76196.1_E_rn84.cg.reconstr.pdb
8.794693,2r8s_R_nr_4.0_39627.4_R_rn39.cg.reconstr.pdb,0,/scr/risa/mgeyer/programs/ares_release/../../data/ares_compare/reconstructed/pdb_6/2r8s_R_nr_4.0_39627.4_R_rn39.cg.reconstr.pdb
8.822505,2qus_A_nr_4.0_40252.1_A_rn40.cg.reconstr.pdb,0,/scr/risa/mgeyer/programs/ares_release/../../data/ares_compare/reconstructed/pdb_5/2qus_A_nr_4.0_40252.1_A_rn40.cg.reconstr.pdb
8.8481369,1f1t_A_nr_4.0_74421.1_A_rn10.cg.reconstr.pdb,0,/scr/risa/mgeyer/programs/ares_release/../../data/ares_compare/reconstructed/pdb_2/1f1t_A_nr_4.0_74421.1_A_rn10.cg.reconstr.pdb
8.8523026,1e8o_E_nr_4.0_76196.1_E_rn88.cg.reconstr.pdb,0,/scr/risa/mgeyer/programs/ares_release/../../data/ares_compare/reconstructed/pdb_2/1e8o_E_nr_4.0_76196.1_E_rn88.cg.reconstr.pdb
8.8632383,2xxa_F_nr_4.0_57933.1_F_rn20.cg.reconstr.pdb,0,/scr/risa/mgeyer/programs/ares_release/../../data/ares_compare/reconstructed/pdb_4/2xxa_F_nr_4.0_57933.1_F_rn20.cg.reconstr.pdb
8.8651638,2quw_B_nr_4.0_36634.1_B_rn51.cg.reconstr.pdb,0,/scr/risa/mgeyer/programs/ares_release/../../data/ares_compare/reconstructed/pdb_5/2quw_B_nr_4.0_36634.1_B_rn51.cg.reconstr.pdb
8.8678484,2quw_B_nr_4.0_36634.1_B_rn24.cg.reconstr.pdb,0,/scr/risa/mgeyer/programs/ares_release/../../data/ares_compare/reconstructed/pdb_5/2quw_B_nr_4.0_36634.1_B_rn24.cg.reconstr.pdb
8.890379,2qus_A_nr_4.0_40252.1_A_be030.cg.reconstr.pdb,0,/scr/risa/mgeyer/programs/ares_release/../../data/ares_compare/reconstructed/pdb_5/2qus_A_nr_4.0_40252.1_A_be030.cg.reconstr.pdb
8.8927374,2vpl_B_nr_4.0_09706.1_B_rn34.cg.reconstr.pdb,0,/scr/risa/mgeyer/programs/ares_release/../../data/ares_compare/reconstructed/pdb_4/2vpl_B_nr_4.0_09706.1_B_rn34.cg.reconstr.pdb
8.9147606,2c4q_R_nr_4.0_51266.3_R_rn31.cg.reconstr.pdb,0,/scr/risa/mgeyer/programs/ares_release/../../data/ares_compare/reconstructed/pdb_2/2c4q_R_nr_4.0_51266.3_R_rn31.cg.reconstr.pdb
9.000638,2quw_B_nr_4.0_36634.1_B_rn62.cg.reconstr.pdb,0,/scr/risa/mgeyer/programs/ares_release/../../data/ares_compare/reconstructed/pdb_5/2quw_B_nr_4.0_36634.1_B_rn62.cg.reconstr.pdb
9.010993,2hvy_E_nr_4.0_99751.1_E_be062.cg.reconstr.pdb,0,/scr/risa/mgeyer/programs/ares_release/../../data/ares_compare/reconstructed/pdb_2/2hvy_E_nr_4.0_99751.1_E_be062.cg.reconstr.pdb
9.0271978,2hw8_B_nr_4.0_40597.1_B_rn56.cg.reconstr.pdb,0,/scr/risa/mgeyer/programs/ares_release/../../data/ares_compare/reconstructed/pdb_3/2hw8_B_nr_4.0_40597.1_B_rn56.cg.reconstr.pdb
9.0376368,2c4q_R_nr_4.0_51266.3_R_rn02.cg.reconstr.pdb,0,/scr/risa/mgeyer/programs/ares_release/../../data/ares_compare/reconstructed/pdb_2/2c4q_R_nr_4.0_51266.3_R_rn02.cg.reconstr.pdb
9.0409832,2r8s_R_nr_4.0_39627.4_R_rn09.cg.reconstr.pdb,0,/scr/risa/mgeyer/programs/ares_release/../../data/ares_compare/reconstructed/pdb_6/2r8s_R_nr_4.0_39627.4_R_rn09.cg.reconstr.pdb
9.0893393,2qus_A_nr_4.0_40252.1_A_rn63.cg.reconstr.pdb,0,/scr/risa/mgeyer/programs/ares_release/../../data/ares_compare/reconstructed/pdb_5/2qus_A_nr_4.0_40252.1_A_rn63.cg.reconstr.pdb
9.0962248,2r8s_R_nr_4.0_39627.4_R_rn34.cg.reconstr.pdb,0,/scr/risa/mgeyer/programs/ares_release/../../data/ares_compare/reconstructed/pdb_6/2r8s_R_nr_4.0_39627.4_R_rn34.cg.reconstr.pdb
9.0964823,2quw_B_nr_4.0_36634.1_B_rn67.cg.reconstr.pdb,0,/scr/risa/mgeyer/programs/ares_release/../../data/ares_compare/reconstructed/pdb_5/2quw_B_nr_4.0_36634.1_B_rn67.cg.reconstr.pdb
9.1063852,2azx_D_nr_4.0_98033.1_D_rn03.cg.reconstr.pdb,0,/scr/risa/mgeyer/programs/ares_release/../../data/ares_compare/reconstructed/pdb_2/2azx_D_nr_4.0_98033.1_D_rn03.cg.reconstr.pdb
9.1198702,2quw_B_nr_4.0_36634.1_B_be041.cg.reconstr.pdb,0,/scr/risa/mgeyer/programs/ares_release/../../data/ares_compare/reconstructed/pdb_5/2quw_B_nr_4.0_36634.1_B_be041.cg.reconstr.pdb
9.1198702,2quw_B_nr_4.0_36634.1_B_be042.cg.reconstr.pdb,0,/scr/risa/mgeyer/programs/ares_release/../../data/ares_compare/reconstructed/pdb_5/2quw_B_nr_4.0_36634.1_B_be042.cg.reconstr.pdb
9.1206646,2qus_A_nr_4.0_40252.1_A_be071.cg.reconstr.pdb,0,/scr/risa/mgeyer/programs/ares_release/../../data/ares_compare/reconstructed/pdb_5/2qus_A_nr_4.0_40252.1_A_be071.cg.reconstr.pdb
9.1231575,1b23_R_nr_4.0_34221.1_R_be030.cg.reconstr.pdb,0,/scr/risa/mgeyer/programs/ares_release/../../data/ares_compare/reconstructed/pdb_1/1b23_R_nr_4.0_34221.1_R_be030.cg.reconstr.pdb
9.1231575,1b23_R_nr_4.0_34221.1_R_be032.cg.reconstr.pdb,0,/scr/risa/mgeyer/programs/ares_release/../../data/ares_compare/reconstructed/pdb_1/1b23_R_nr_4.0_34221.1_R_be032.cg.reconstr.pdb
9.1566658,2quw_B_nr_4.0_36634.1_B_rn63.cg.reconstr.pdb,0,/scr/risa/mgeyer/programs/ares_release/../../data/ares_compare/reconstructed/pdb_5/2quw_B_nr_4.0_36634.1_B_rn63.cg.reconstr.pdb
9.1769276,2r8s_R_nr_4.0_39627.4_R_be070.cg.reconstr.pdb,0,/scr/risa/mgeyer/programs/ares_release/../../data/ares_compare/reconstructed/pdb_6/2r8s_R_nr_4.0_39627.4_R_be070.cg.reconstr.pdb
9.1769276,2r8s_R_nr_4.0_39627.4_R_be071.cg.reconstr.pdb,0,/scr/risa/mgeyer/programs/ares_release/../../data/ares_compare/reconstructed/pdb_6/2r8s_R_nr_4.0_39627.4_R_be071.cg.reconstr.pdb
9.2003021,1f1t_A_nr_4.0_74421.1_A_rn34.cg.reconstr.pdb,0,/scr/risa/mgeyer/programs/ares_release/../../data/ares_compare/reconstructed/pdb_2/1f1t_A_nr_4.0_74421.1_A_rn34.cg.reconstr.pdb
9.2009401,2quw_B_nr_4.0_36634.1_B_rn90.cg.reconstr.pdb,0,/scr/risa/mgeyer/programs/ares_release/../../data/ares_compare/reconstructed/pdb_6/2quw_B_nr_4.0_36634.1_B_rn90.cg.reconstr.pdb
9.2322569,2azx_D_nr_4.0_98033.1_D_rn01.cg.reconstr.pdb,0,/scr/risa/mgeyer/programs/ares_release/../../data/ares_compare/reconstructed/pdb_2/2azx_D_nr_4.0_98033.1_D_rn01.cg.reconstr.pdb
9.2359333,2r8s_R_nr_4.0_39627.4_R_be030.cg.reconstr.pdb,0,/scr/risa/mgeyer/programs/ares_release/../../data/ares_compare/reconstructed/pdb_6/2r8s_R_nr_4.0_39627.4_R_be030.cg.reconstr.pdb
9.2526217,2xxa_F_nr_4.0_57933.1_F_be030.cg.reconstr.pdb,0,/scr/risa/mgeyer/programs/ares_release/../../data/ares_compare/reconstructed/pdb_4/2xxa_F_nr_4.0_57933.1_F_be030.cg.reconstr.pdb
9.2603703,1b23_R_nr_4.0_34221.1_R_rn56.cg.reconstr.pdb,0,/scr/risa/mgeyer/programs/ares_release/../../data/ares_compare/reconstructed/pdb_1/1b23_R_nr_4.0_34221.1_R_rn56.cg.reconstr.pdb
9.2778044,2r8s_R_nr_4.0_39627.4_R_rn29.cg.reconstr.pdb,0,/scr/risa/mgeyer/programs/ares_release/../../data/ares_compare/reconstructed/pdb_6/2r8s_R_nr_4.0_39627.4_R_rn29.cg.reconstr.pdb
9.3001423,2r8s_R_nr_4.0_39627.4_R_rn05.cg.reconstr.pdb,0,/scr/risa/mgeyer/programs/ares_release/../../data/ares_compare/reconstructed/pdb_6/2r8s_R_nr_4.0_39627.4_R_rn05.cg.reconstr.pdb
9.3134155,2quw_B_nr_4.0_36634.1_B_rn69.cg.reconstr.pdb,0,/scr/risa/mgeyer/programs/ares_release/../../data/ares_compare/reconstructed/pdb_6/2quw_B_nr_4.0_36634.1_B_rn69.cg.reconstr.pdb
9.3306608,1e8o_E_nr_4.0_76196.1_E_rn79.cg.reconstr.pdb,0,/scr/risa/mgeyer/programs/ares_release/../../data/ares_compare/reconstructed/pdb_1/1e8o_E_nr_4.0_76196.1_E_rn79.cg.reconstr.pdb
9.3361235,2vpl_B_nr_4.0_09706.1_B_rn81.cg.reconstr.pdb,0,/scr/risa/mgeyer/programs/ares_release/../../data/ares_compare/reconstructed/pdb_4/2vpl_B_nr_4.0_09706.1_B_rn81.cg.reconstr.pdb
9.3941832,2vpl_B_nr_4.0_09706.1_B_rn77.cg.reconstr.pdb,0,/scr/risa/mgeyer/programs/ares_release/../../data/ares_compare/reconstructed/pdb_4/2vpl_B_nr_4.0_09706.1_B_rn77.cg.reconstr.pdb
9.3954725,2r8s_R_nr_4.0_39627.4_R_rn08.cg.reconstr.pdb,0,/scr/risa/mgeyer/programs/ares_release/../../data/ares_compare/reconstructed/pdb_6/2r8s_R_nr_4.0_39627.4_R_rn08.cg.reconstr.pdb
9.438365,2r8s_R_nr_4.0_39627.4_R_rn17.cg.reconstr.pdb,0,/scr/risa/mgeyer/programs/ares_release/../../data/ares_compare/reconstructed/pdb_6/2r8s_R_nr_4.0_39627.4_R_rn17.cg.reconstr.pdb
9.4459715,2hvy_E_nr_4.0_99751.1_E_be041.cg.reconstr.pdb,0,/scr/risa/mgeyer/programs/ares_release/../../data/ares_compare/reconstructed/pdb_2/2hvy_E_nr_4.0_99751.1_E_be041.cg.reconstr.pdb
9.466526,2c4q_R_nr_4.0_51266.3_R_rn86.cg.reconstr.pdb,0,/scr/risa/mgeyer/programs/ares_release/../../data/ares_compare/reconstructed/pdb_2/2c4q_R_nr_4.0_51266.3_R_rn86.cg.reconstr.pdb
9.4667482,1e8o_E_nr_4.0_76196.1_E_rn69.cg.reconstr.pdb,0,/scr/risa/mgeyer/programs/ares_release/../../data/ares_compare/reconstructed/pdb_1/1e8o_E_nr_4.0_76196.1_E_rn69.cg.reconstr.pdb
9.4680986,1b23_R_nr_4.0_34221.1_R_rn09.cg.reconstr.pdb,0,/scr/risa/mgeyer/programs/ares_release/../../data/ares_compare/reconstructed/pdb_1/1b23_R_nr_4.0_34221.1_R_rn09.cg.reconstr.pdb
9.4741859,2r8s_R_nr_4.0_39627.4_R_rn03.cg.reconstr.pdb,0,/scr/risa/mgeyer/programs/ares_release/../../data/ares_compare/reconstructed/pdb_6/2r8s_R_nr_4.0_39627.4_R_rn03.cg.reconstr.pdb
9.4916115,1e8o_E_nr_4.0_76196.1_E_rn37.cg.reconstr.pdb,0,/scr/risa/mgeyer/programs/ares_release/../../data/ares_compare/reconstructed/pdb_1/1e8o_E_nr_4.0_76196.1_E_rn37.cg.reconstr.pdb
9.5722752,1b23_R_nr_4.0_34221.1_R_rn73.cg.reconstr.pdb,0,/scr/risa/mgeyer/programs/ares_release/../../data/ares_compare/reconstructed/pdb_1/1b23_R_nr_4.0_34221.1_R_rn73.cg.reconstr.pdb
9.5764875,1e7k_C_nr_4.0_43622.1_C_rn76.cg.reconstr.pdb,0,/scr/risa/mgeyer/programs/ares_release/../../data/ares_compare/reconstructed/pdb_1/1e7k_C_nr_4.0_43622.1_C_rn76.cg.reconstr.pdb
9.580164,2quw_B_nr_4.0_36634.1_B_rn77.cg.reconstr.pdb,0,/scr/risa/mgeyer/programs/ares_release/../../data/ares_compare/reconstructed/pdb_6/2quw_B_nr_4.0_36634.1_B_rn77.cg.reconstr.pdb
9.5870647,2r8s_R_nr_4.0_39627.4_R_be011.cg.reconstr.pdb,0,/scr/risa/mgeyer/programs/ares_release/../../data/ares_compare/reconstructed/pdb_6/2r8s_R_nr_4.0_39627.4_R_be011.cg.reconstr.pdb
9.5870647,2r8s_R_nr_4.0_39627.4_R_be012.cg.reconstr.pdb,0,/scr/risa/mgeyer/programs/ares_release/../../data/ares_compare/reconstructed/pdb_6/2r8s_R_nr_4.0_39627.4_R_be012.cg.reconstr.pdb
9.596117,2azx_D_nr_4.0_98033.1_D_rn47.cg.reconstr.pdb,0,/scr/risa/mgeyer/programs/ares_release/../../data/ares_compare/reconstructed/pdb_2/2azx_D_nr_4.0_98033.1_D_rn47.cg.reconstr.pdb
9.6074324,2c4q_R_nr_4.0_51266.3_R_rn18.cg.reconstr.pdb,0,/scr/risa/mgeyer/programs/ares_release/../../data/ares_compare/reconstructed/pdb_2/2c4q_R_nr_4.0_51266.3_R_rn18.cg.reconstr.pdb
9.7307005,2qux_F_nr_4.0_02858.1_F_rn32.cg.reconstr.pdb,0,/scr/risa/mgeyer/programs/ares_release/../../data/ares_compare/reconstructed/pdb_6/2qux_F_nr_4.0_02858.1_F_rn32.cg.reconstr.pdb
9.7787247,1e8o_E_nr_4.0_76196.1_E_rn76.cg.reconstr.pdb,0,/scr/risa/mgeyer/programs/ares_release/../../data/ares_compare/reconstructed/pdb_1/1e8o_E_nr_4.0_76196.1_E_rn76.cg.reconstr.pdb
9.7843761,2c4q_R_nr_4.0_51266.3_R_rn81.cg.reconstr.pdb,0,/scr/risa/mgeyer/programs/ares_release/../../data/ares_compare/reconstructed/pdb_2/2c4q_R_nr_4.0_51266.3_R_rn81.cg.reconstr.pdb
9.7952404,1b23_R_nr_4.0_34221.1_R_rn17.cg.reconstr.pdb,0,/scr/risa/mgeyer/programs/ares_release/../../data/ares_compare/reconstructed/pdb_1/1b23_R_nr_4.0_34221.1_R_rn17.cg.reconstr.pdb
9.8201046,2quw_B_nr_4.0_36634.1_B_rn02.cg.reconstr.pdb,0,/scr/risa/mgeyer/programs/ares_release/../../data/ares_compare/reconstructed/pdb_5/2quw_B_nr_4.0_36634.1_B_rn02.cg.reconstr.pdb
9.8264771,2azx_D_nr_4.0_98033.1_D_rn55.cg.reconstr.pdb,0,/scr/risa/mgeyer/programs/ares_release/../../data/ares_compare/reconstructed/pdb_2/2azx_D_nr_4.0_98033.1_D_rn55.cg.reconstr.pdb
9.8375549,2xxa_F_nr_4.0_57933.1_F_rn40.cg.reconstr.pdb,0,/scr/risa/mgeyer/programs/ares_release/../../data/ares_compare/reconstructed/pdb_4/2xxa_F_nr_4.0_57933.1_F_rn40.cg.reconstr.pdb
9.9104786,2r8s_R_nr_4.0_39627.4_R_rn12.cg.reconstr.pdb,0,/scr/risa/mgeyer/programs/ares_release/../../data/ares_compare/reconstructed/pdb_6/2r8s_R_nr_4.0_39627.4_R_rn12.cg.reconstr.pdb
9.9119091,2il9_A_nr_4.0_47156.1_A_rn15.cg.reconstr.pdb,0,/scr/risa/mgeyer/programs/ares_release/../../data/ares_compare/reconstructed/pdb_3/2il9_A_nr_4.0_47156.1_A_rn15.cg.reconstr.pdb
9.9475737,1b23_R_nr_4.0_34221.1_R_rn49.cg.reconstr.pdb,0,/scr/risa/mgeyer/programs/ares_release/../../data/ares_compare/reconstructed/pdb_1/1b23_R_nr_4.0_34221.1_R_rn49.cg.reconstr.pdb
9.9627352,2il9_A_nr_4.0_47156.1_A_rn12.cg.reconstr.pdb,0,/scr/risa/mgeyer/programs/ares_release/../../data/ares_compare/reconstructed/pdb_3/2il9_A_nr_4.0_47156.1_A_rn12.cg.reconstr.pdb
9.9919205,1e8o_E_nr_4.0_76196.1_E_rn13.cg.reconstr.pdb,0,/scr/risa/mgeyer/programs/ares_release/../../data/ares_compare/reconstructed/pdb_1/1e8o_E_nr_4.0_76196.1_E_rn13.cg.reconstr.pdb
9.9919281,1b23_R_nr_4.0_34221.1_R_rn21.cg.reconstr.pdb,0,/scr/risa/mgeyer/programs/ares_release/../../data/ares_compare/reconstructed/pdb_1/1b23_R_nr_4.0_34221.1_R_rn21.cg.reconstr.pdb
10.0293074,2azx_D_nr_4.0_98033.1_D_rn66.cg.reconstr.pdb,0,/scr/risa/mgeyer/programs/ares_release/../../data/ares_compare/reconstructed/pdb_2/2azx_D_nr_4.0_98033.1_D_rn66.cg.reconstr.pdb
10.0370274,2il9_A_nr_4.0_47156.1_A_rn68.cg.reconstr.pdb,0,/scr/risa/mgeyer/programs/ares_release/../../data/ares_compare/reconstructed/pdb_5/2il9_A_nr_4.0_47156.1_A_rn68.cg.reconstr.pdb
10.0426006,2quw_B_nr_4.0_36634.1_B_be091.cg.reconstr.pdb,0,/scr/risa/mgeyer/programs/ares_release/../../data/ares_compare/reconstructed/pdb_5/2quw_B_nr_4.0_36634.1_B_be091.cg.reconstr.pdb
10.0458794,2quw_B_nr_4.0_36634.1_B_rn71.cg.reconstr.pdb,0,/scr/risa/mgeyer/programs/ares_release/../../data/ares_compare/reconstructed/pdb_6/2quw_B_nr_4.0_36634.1_B_rn71.cg.reconstr.pdb
10.0494146,2r8s_R_nr_4.0_39627.4_R_rn13.cg.reconstr.pdb,0,/scr/risa/mgeyer/programs/ares_release/../../data/ares_compare/reconstructed/pdb_6/2r8s_R_nr_4.0_39627.4_R_rn13.cg.reconstr.pdb
10.0570765,2r8s_R_nr_4.0_39627.4_R_rn36.cg.reconstr.pdb,0,/scr/risa/mgeyer/programs/ares_release/../../data/ares_compare/reconstructed/pdb_6/2r8s_R_nr_4.0_39627.4_R_rn36.cg.reconstr.pdb
10.0725317,2qus_A_nr_4.0_40252.1_A_rn90.cg.reconstr.pdb,0,/scr/risa/mgeyer/programs/ares_release/../../data/ares_compare/reconstructed/pdb_5/2qus_A_nr_4.0_40252.1_A_rn90.cg.reconstr.pdb
10.0734921,2vpl_B_nr_4.0_09706.1_B_rn69.cg.reconstr.pdb,0,/scr/risa/mgeyer/programs/ares_release/../../data/ares_compare/reconstructed/pdb_4/2vpl_B_nr_4.0_09706.1_B_rn69.cg.reconstr.pdb
10.085928,2azx_D_nr_4.0_98033.1_D_rn40.cg.reconstr.pdb,0,/scr/risa/mgeyer/programs/ares_release/../../data/ares_compare/reconstructed/pdb_2/2azx_D_nr_4.0_98033.1_D_rn40.cg.reconstr.pdb
10.0900412,1b23_R_nr_4.0_34221.1_R_rn72.cg.reconstr.pdb,0,/scr/risa/mgeyer/programs/ares_release/../../data/ares_compare/reconstructed/pdb_1/1b23_R_nr_4.0_34221.1_R_rn72.cg.reconstr.pdb
10.1018677,1e8o_E_nr_4.0_76196.1_E_rn03.cg.reconstr.pdb,0,/scr/risa/mgeyer/programs/ares_release/../../data/ares_compare/reconstructed/pdb_1/1e8o_E_nr_4.0_76196.1_E_rn03.cg.reconstr.pdb
10.113492,2xxa_F_nr_4.0_57933.1_F_rn12.cg.reconstr.pdb,0,/scr/risa/mgeyer/programs/ares_release/../../data/ares_compare/reconstructed/pdb_4/2xxa_F_nr_4.0_57933.1_F_rn12.cg.reconstr.pdb
10.113801,1e8o_E_nr_4.0_76196.1_E_rn47.cg.reconstr.pdb,0,/scr/risa/mgeyer/programs/ares_release/../../data/ares_compare/reconstructed/pdb_1/1e8o_E_nr_4.0_76196.1_E_rn47.cg.reconstr.pdb
10.1568222,2il9_A_nr_4.0_47156.1_A_rn21.cg.reconstr.pdb,0,/scr/risa/mgeyer/programs/ares_release/../../data/ares_compare/reconstructed/pdb_3/2il9_A_nr_4.0_47156.1_A_rn21.cg.reconstr.pdb
10.1976452,2xxa_F_nr_4.0_57933.1_F_rn30.cg.reconstr.pdb,0,/scr/risa/mgeyer/programs/ares_release/../../data/ares_compare/reconstructed/pdb_4/2xxa_F_nr_4.0_57933.1_F_rn30.cg.reconstr.pdb
10.1985483,1f1t_A_nr_4.0_74421.1_A_rn74.cg.reconstr.pdb,0,/scr/risa/mgeyer/programs/ares_release/../../data/ares_compare/reconstructed/pdb_2/1f1t_A_nr_4.0_74421.1_A_rn74.cg.reconstr.pdb
10.2295513,1b23_R_nr_4.0_34221.1_R_rn90.cg.reconstr.pdb,0,/scr/risa/mgeyer/programs/ares_release/../../data/ares_compare/reconstructed/pdb_1/1b23_R_nr_4.0_34221.1_R_rn90.cg.reconstr.pdb
10.2739897,1e8o_E_nr_4.0_76196.1_E_be012.cg.reconstr.pdb,0,/scr/risa/mgeyer/programs/ares_release/../../data/ares_compare/reconstructed/pdb_1/1e8o_E_nr_4.0_76196.1_E_be012.cg.reconstr.pdb
10.2868204,1e7k_C_nr_4.0_43622.1_C_rn81.cg.reconstr.pdb,0,/scr/risa/mgeyer/programs/ares_release/../../data/ares_compare/reconstructed/pdb_1/1e7k_C_nr_4.0_43622.1_C_rn81.cg.reconstr.pdb
10.3294945,2xxa_F_nr_4.0_57933.1_F_be012.cg.reconstr.pdb,0,/scr/risa/mgeyer/programs/ares_release/../../data/ares_compare/reconstructed/pdb_4/2xxa_F_nr_4.0_57933.1_F_be012.cg.reconstr.pdb
10.3449497,2c4q_R_nr_4.0_51266.3_R_rn70.cg.reconstr.pdb,0,/scr/risa/mgeyer/programs/ares_release/../../data/ares_compare/reconstructed/pdb_2/2c4q_R_nr_4.0_51266.3_R_rn70.cg.reconstr.pdb
10.3463688,2il9_A_nr_4.0_47156.1_A_rn44.cg.reconstr.pdb,0,/scr/risa/mgeyer/programs/ares_release/../../data/ares_compare/reconstructed/pdb_3/2il9_A_nr_4.0_47156.1_A_rn44.cg.reconstr.pdb
10.3672676,2il9_A_nr_4.0_47156.1_A_rn22.cg.reconstr.pdb,0,/scr/risa/mgeyer/programs/ares_release/../../data/ares_compare/reconstructed/pdb_3/2il9_A_nr_4.0_47156.1_A_rn22.cg.reconstr.pdb
10.3906374,2azx_D_nr_4.0_98033.1_D_rn30.cg.reconstr.pdb,0,/scr/risa/mgeyer/programs/ares_release/../../data/ares_compare/reconstructed/pdb_2/2azx_D_nr_4.0_98033.1_D_rn30.cg.reconstr.pdb
10.390687,2azx_D_nr_4.0_98033.1_D_rn65.cg.reconstr.pdb,0,/scr/risa/mgeyer/programs/ares_release/../../data/ares_compare/reconstructed/pdb_2/2azx_D_nr_4.0_98033.1_D_rn65.cg.reconstr.pdb
10.3935175,2il9_A_nr_4.0_47156.1_A_rn39.cg.reconstr.pdb,0,/scr/risa/mgeyer/programs/ares_release/../../data/ares_compare/reconstructed/pdb_3/2il9_A_nr_4.0_47156.1_A_rn39.cg.reconstr.pdb
10.4156685,2quw_B_nr_4.0_36634.1_B_rn79.cg.reconstr.pdb,0,/scr/risa/mgeyer/programs/ares_release/../../data/ares_compare/reconstructed/pdb_6/2quw_B_nr_4.0_36634.1_B_rn79.cg.reconstr.pdb
10.4282751,2r8s_R_nr_4.0_39627.4_R_rn27.cg.reconstr.pdb,0,/scr/risa/mgeyer/programs/ares_release/../../data/ares_compare/reconstructed/pdb_6/2r8s_R_nr_4.0_39627.4_R_rn27.cg.reconstr.pdb
10.4635105,2quw_B_nr_4.0_36634.1_B_br0.cg.reconstr.pdb,0,/scr/risa/mgeyer/programs/ares_release/../../data/ares_compare/reconstructed/pdb_5/2quw_B_nr_4.0_36634.1_B_br0.cg.reconstr.pdb
10.4805994,2azx_D_nr_4.0_98033.1_D_rn31.cg.reconstr.pdb,0,/scr/risa/mgeyer/programs/ares_release/../../data/ares_compare/reconstructed/pdb_2/2azx_D_nr_4.0_98033.1_D_rn31.cg.reconstr.pdb
10.4814291,2azx_D_nr_4.0_98033.1_D_rn37.cg.reconstr.pdb,0,/scr/risa/mgeyer/programs/ares_release/../../data/ares_compare/reconstructed/pdb_2/2azx_D_nr_4.0_98033.1_D_rn37.cg.reconstr.pdb
10.4859333,2xxa_F_nr_4.0_57933.1_F_be050.cg.reconstr.pdb,0,/scr/risa/mgeyer/programs/ares_release/../../data/ares_compare/reconstructed/pdb_4/2xxa_F_nr_4.0_57933.1_F_be050.cg.reconstr.pdb
10.4859333,2xxa_F_nr_4.0_57933.1_F_be052.cg.reconstr.pdb,0,/scr/risa/mgeyer/programs/ares_release/../../data/ares_compare/reconstructed/pdb_4/2xxa_F_nr_4.0_57933.1_F_be052.cg.reconstr.pdb
10.4969387,2r8s_R_nr_4.0_39627.4_R_be050.cg.reconstr.pdb,0,/scr/risa/mgeyer/programs/ares_release/../../data/ares_compare/reconstructed/pdb_6/2r8s_R_nr_4.0_39627.4_R_be050.cg.reconstr.pdb
10.4969387,2r8s_R_nr_4.0_39627.4_R_be051.cg.reconstr.pdb,0,/scr/risa/mgeyer/programs/ares_release/../../data/ares_compare/reconstructed/pdb_6/2r8s_R_nr_4.0_39627.4_R_be051.cg.reconstr.pdb
10.4969387,2r8s_R_nr_4.0_39627.4_R_be052.cg.reconstr.pdb,0,/scr/risa/mgeyer/programs/ares_release/../../data/ares_compare/reconstructed/pdb_6/2r8s_R_nr_4.0_39627.4_R_be052.cg.reconstr.pdb
10.497508,2il9_A_nr_4.0_47156.1_A_rn90.cg.reconstr.pdb,0,/scr/risa/mgeyer/programs/ares_release/../../data/ares_compare/reconstructed/pdb_5/2il9_A_nr_4.0_47156.1_A_rn90.cg.reconstr.pdb
10.5151796,2r8s_R_nr_4.0_39627.4_R_rn15.cg.reconstr.pdb,0,/scr/risa/mgeyer/programs/ares_release/../../data/ares_compare/reconstructed/pdb_6/2r8s_R_nr_4.0_39627.4_R_rn15.cg.reconstr.pdb
10.5188646,1b23_R_nr_4.0_34221.1_R_rn48.cg.reconstr.pdb,0,/scr/risa/mgeyer/programs/ares_release/../../data/ares_compare/reconstructed/pdb_1/1b23_R_nr_4.0_34221.1_R_rn48.cg.reconstr.pdb
10.527338,2quw_B_nr_4.0_36634.1_B_rn68.cg.reconstr.pdb,0,/scr/risa/mgeyer/programs/ares_release/../../data/ares_compare/reconstructed/pdb_5/2quw_B_nr_4.0_36634.1_B_rn68.cg.reconstr.pdb
10.531147,2azx_D_nr_4.0_98033.1_D_rn28.cg.reconstr.pdb,0,/scr/risa/mgeyer/programs/ares_release/../../data/ares_compare/reconstructed/pdb_2/2azx_D_nr_4.0_98033.1_D_rn28.cg.reconstr.pdb
10.531703,2xxa_F_nr_4.0_57933.1_F_be040.cg.reconstr.pdb,0,/scr/risa/mgeyer/programs/ares_release/../../data/ares_compare/reconstructed/pdb_4/2xxa_F_nr_4.0_57933.1_F_be040.cg.reconstr.pdb
10.531703,2xxa_F_nr_4.0_57933.1_F_be041.cg.reconstr.pdb,0,/scr/risa/mgeyer/programs/ares_release/../../data/ares_compare/reconstructed/pdb_4/2xxa_F_nr_4.0_57933.1_F_be041.cg.reconstr.pdb
10.534523,2il9_A_nr_4.0_47156.1_A_rn83.cg.reconstr.pdb,0,/scr/risa/mgeyer/programs/ares_release/../../data/ares_compare/reconstructed/pdb_5/2il9_A_nr_4.0_47156.1_A_rn83.cg.reconstr.pdb
10.5355892,2il9_A_nr_4.0_47156.1_A_rn42.cg.reconstr.pdb,0,/scr/risa/mgeyer/programs/ares_release/../../data/ares_compare/reconstructed/pdb_3/2il9_A_nr_4.0_47156.1_A_rn42.cg.reconstr.pdb
10.5369177,1e8o_E_nr_4.0_76196.1_E_rn65.cg.reconstr.pdb,0,/scr/risa/mgeyer/programs/ares_release/../../data/ares_compare/reconstructed/pdb_1/1e8o_E_nr_4.0_76196.1_E_rn65.cg.reconstr.pdb
10.5421448,2xxa_F_nr_4.0_57933.1_F_rn53.cg.reconstr.pdb,0,/scr/risa/mgeyer/programs/ares_release/../../data/ares_compare/reconstructed/pdb_4/2xxa_F_nr_4.0_57933.1_F_rn53.cg.reconstr.pdb
10.5424175,2xxa_F_nr_4.0_57933.1_F_be011.cg.reconstr.pdb,0,/scr/risa/mgeyer/programs/ares_release/../../data/ares_compare/reconstructed/pdb_4/2xxa_F_nr_4.0_57933.1_F_be011.cg.reconstr.pdb
10.5769968,1e7k_C_nr_4.0_43622.1_C_rn55.cg.reconstr.pdb,0,/scr/risa/mgeyer/programs/ares_release/../../data/ares_compare/reconstructed/pdb_1/1e7k_C_nr_4.0_43622.1_C_rn55.cg.reconstr.pdb
10.5982561,2qus_A_nr_4.0_40252.1_A_rn46.cg.reconstr.pdb,0,/scr/risa/mgeyer/programs/ares_release/../../data/ares_compare/reconstructed/pdb_5/2qus_A_nr_4.0_40252.1_A_rn46.cg.reconstr.pdb
10.6378326,2xxa_F_nr_4.0_57933.1_F_rn19.cg.reconstr.pdb,0,/scr/risa/mgeyer/programs/ares_release/../../data/ares_compare/reconstructed/pdb_4/2xxa_F_nr_4.0_57933.1_F_rn19.cg.reconstr.pdb
10.6553831,2azx_D_nr_4.0_98033.1_D_be050.cg.reconstr.pdb,0,/scr/risa/mgeyer/programs/ares_release/../../data/ares_compare/reconstructed/pdb_2/2azx_D_nr_4.0_98033.1_D_be050.cg.reconstr.pdb
10.658886,2il9_A_nr_4.0_47156.1_A_rn47.cg.reconstr.pdb,0,/scr/risa/mgeyer/programs/ares_release/../../data/ares_compare/reconstructed/pdb_3/2il9_A_nr_4.0_47156.1_A_rn47.cg.reconstr.pdb
10.6628609,2xxa_F_nr_4.0_57933.1_F_rn41.cg.reconstr.pdb,0,/scr/risa/mgeyer/programs/ares_release/../../data/ares_compare/reconstructed/pdb_4/2xxa_F_nr_4.0_57933.1_F_rn41.cg.reconstr.pdb
10.6800785,2r8s_R_nr_4.0_39627.4_R_rn28.cg.reconstr.pdb,0,/scr/risa/mgeyer/programs/ares_release/../../data/ares_compare/reconstructed/pdb_6/2r8s_R_nr_4.0_39627.4_R_rn28.cg.reconstr.pdb
10.7288589,2xxa_F_nr_4.0_57933.1_F_rn17.cg.reconstr.pdb,0,/scr/risa/mgeyer/programs/ares_release/../../data/ares_compare/reconstructed/pdb_4/2xxa_F_nr_4.0_57933.1_F_rn17.cg.reconstr.pdb
10.7293768,2quw_B_nr_4.0_36634.1_B_rn48.cg.reconstr.pdb,0,/scr/risa/mgeyer/programs/ares_release/../../data/ares_compare/reconstructed/pdb_5/2quw_B_nr_4.0_36634.1_B_rn48.cg.reconstr.pdb
10.745244,2quw_B_nr_4.0_36634.1_B_rn18.cg.reconstr.pdb,0,/scr/risa/mgeyer/programs/ares_release/../../data/ares_compare/reconstructed/pdb_5/2quw_B_nr_4.0_36634.1_B_rn18.cg.reconstr.pdb
10.8075218,2il9_A_nr_4.0_47156.1_A_rn75.cg.reconstr.pdb,0,/scr/risa/mgeyer/programs/ares_release/../../data/ares_compare/reconstructed/pdb_5/2il9_A_nr_4.0_47156.1_A_rn75.cg.reconstr.pdb
10.8187065,2xxa_F_nr_4.0_57933.1_F_rn11.cg.reconstr.pdb,0,/scr/risa/mgeyer/programs/ares_release/../../data/ares_compare/reconstructed/pdb_4/2xxa_F_nr_4.0_57933.1_F_rn11.cg.reconstr.pdb
10.8333626,2azx_D_nr_4.0_98033.1_D_rn34.cg.reconstr.pdb,0,/scr/risa/mgeyer/programs/ares_release/../../data/ares_compare/reconstructed/pdb_2/2azx_D_nr_4.0_98033.1_D_rn34.cg.reconstr.pdb
10.9005117,2quw_B_nr_4.0_36634.1_B_rn06.cg.reconstr.pdb,0,/scr/risa/mgeyer/programs/ares_release/../../data/ares_compare/reconstructed/pdb_5/2quw_B_nr_4.0_36634.1_B_rn06.cg.reconstr.pdb
10.9119101,2xxa_F_nr_4.0_57933.1_F_rn35.cg.reconstr.pdb,0,/scr/risa/mgeyer/programs/ares_release/../../data/ares_compare/reconstructed/pdb_4/2xxa_F_nr_4.0_57933.1_F_rn35.cg.reconstr.pdb
10.9138117,1e8o_E_nr_4.0_76196.1_E_rn71.cg.reconstr.pdb,0,/scr/risa/mgeyer/programs/ares_release/../../data/ares_compare/reconstructed/pdb_1/1e8o_E_nr_4.0_76196.1_E_rn71.cg.reconstr.pdb
10.9363136,2c4q_R_nr_4.0_51266.3_R_rn28.cg.reconstr.pdb,0,/scr/risa/mgeyer/programs/ares_release/../../data/ares_compare/reconstructed/pdb_2/2c4q_R_nr_4.0_51266.3_R_rn28.cg.reconstr.pdb
10.9501476,2il9_A_nr_4.0_47156.1_A_rn06.cg.reconstr.pdb,0,/scr/risa/mgeyer/programs/ares_release/../../data/ares_compare/reconstructed/pdb_3/2il9_A_nr_4.0_47156.1_A_rn06.cg.reconstr.pdb
10.9567299,1f1t_A_nr_4.0_74421.1_A_be041.cg.reconstr.pdb,0,/scr/risa/mgeyer/programs/ares_release/../../data/ares_compare/reconstructed/pdb_2/1f1t_A_nr_4.0_74421.1_A_be041.cg.reconstr.pdb
10.9941301,2il9_A_nr_4.0_47156.1_A_rn59.cg.reconstr.pdb,0,/scr/risa/mgeyer/programs/ares_release/../../data/ares_compare/reconstructed/pdb_3/2il9_A_nr_4.0_47156.1_A_rn59.cg.reconstr.pdb
11.0248404,2azx_D_nr_4.0_98033.1_D_rn44.cg.reconstr.pdb,0,/scr/risa/mgeyer/programs/ares_release/../../data/ares_compare/reconstructed/pdb_2/2azx_D_nr_4.0_98033.1_D_rn44.cg.reconstr.pdb
11.0396147,2il9_A_nr_4.0_47156.1_A_rn63.cg.reconstr.pdb,0,/scr/risa/mgeyer/programs/ares_release/../../data/ares_compare/reconstructed/pdb_3/2il9_A_nr_4.0_47156.1_A_rn63.cg.reconstr.pdb
11.0885954,2il9_A_nr_4.0_47156.1_A_rn33.cg.reconstr.pdb,0,/scr/risa/mgeyer/programs/ares_release/../../data/ares_compare/reconstructed/pdb_3/2il9_A_nr_4.0_47156.1_A_rn33.cg.reconstr.pdb
11.0902386,2qus_A_nr_4.0_40252.1_A_rn22.cg.reconstr.pdb,0,/scr/risa/mgeyer/programs/ares_release/../../data/ares_compare/reconstructed/pdb_5/2qus_A_nr_4.0_40252.1_A_rn22.cg.reconstr.pdb
11.0998077,2il9_A_nr_4.0_47156.1_A_rn72.cg.reconstr.pdb,0,/scr/risa/mgeyer/programs/ares_release/../../data/ares_compare/reconstructed/pdb_5/2il9_A_nr_4.0_47156.1_A_rn72.cg.reconstr.pdb
11.113451,2r8s_R_nr_4.0_39627.4_R_rn11.cg.reconstr.pdb,0,/scr/risa/mgeyer/programs/ares_release/../../data/ares_compare/reconstructed/pdb_6/2r8s_R_nr_4.0_39627.4_R_rn11.cg.reconstr.pdb
11.1192131,2xxa_F_nr_4.0_57933.1_F_rn54.cg.reconstr.pdb,0,/scr/risa/mgeyer/programs/ares_release/../../data/ares_compare/reconstructed/pdb_4/2xxa_F_nr_4.0_57933.1_F_rn54.cg.reconstr.pdb
11.1272001,2il9_A_nr_4.0_47156.1_A_rn52.cg.reconstr.pdb,0,/scr/risa/mgeyer/programs/ares_release/../../data/ares_compare/reconstructed/pdb_3/2il9_A_nr_4.0_47156.1_A_rn52.cg.reconstr.pdb
11.1358252,2il9_A_nr_4.0_47156.1_A_rn60.cg.reconstr.pdb,0,/scr/risa/mgeyer/programs/ares_release/../../data/ares_compare/reconstructed/pdb_3/2il9_A_nr_4.0_47156.1_A_rn60.cg.reconstr.pdb
11.1411848,2qus_A_nr_4.0_40252.1_A_be082.cg.reconstr.pdb,0,/scr/risa/mgeyer/programs/ares_release/../../data/ares_compare/reconstructed/pdb_5/2qus_A_nr_4.0_40252.1_A_be082.cg.reconstr.pdb
11.1485271,1b23_R_nr_4.0_34221.1_R_rn31.cg.reconstr.pdb,0,/scr/risa/mgeyer/programs/ares_release/../../data/ares_compare/reconstructed/pdb_1/1b23_R_nr_4.0_34221.1_R_rn31.cg.reconstr.pdb
11.1722307,2il9_A_nr_4.0_47156.1_A_rn35.cg.reconstr.pdb,0,/scr/risa/mgeyer/programs/ares_release/../../data/ares_compare/reconstructed/pdb_3/2il9_A_nr_4.0_47156.1_A_rn35.cg.reconstr.pdb
11.1782579,2xxa_F_nr_4.0_57933.1_F_rn25.cg.reconstr.pdb,0,/scr/risa/mgeyer/programs/ares_release/../../data/ares_compare/reconstructed/pdb_4/2xxa_F_nr_4.0_57933.1_F_rn25.cg.reconstr.pdb
11.1834888,1b23_R_nr_4.0_34221.1_R_rn37.cg.reconstr.pdb,0,/scr/risa/mgeyer/programs/ares_release/../../data/ares_compare/reconstructed/pdb_1/1b23_R_nr_4.0_34221.1_R_rn37.cg.reconstr.pdb
11.1850586,2xxa_F_nr_4.0_57933.1_F_rn16.cg.reconstr.pdb,0,/scr/risa/mgeyer/programs/ares_release/../../data/ares_compare/reconstructed/pdb_4/2xxa_F_nr_4.0_57933.1_F_rn16.cg.reconstr.pdb
11.2592411,2xxa_F_nr_4.0_57933.1_F_be061.cg.reconstr.pdb,0,/scr/risa/mgeyer/programs/ares_release/../../data/ares_compare/reconstructed/pdb_4/2xxa_F_nr_4.0_57933.1_F_be061.cg.reconstr.pdb
11.2592411,2xxa_F_nr_4.0_57933.1_F_be062.cg.reconstr.pdb,0,/scr/risa/mgeyer/programs/ares_release/../../data/ares_compare/reconstructed/pdb_4/2xxa_F_nr_4.0_57933.1_F_be062.cg.reconstr.pdb
11.2974787,2r8s_R_nr_4.0_39627.4_R_rn26.cg.reconstr.pdb,0,/scr/risa/mgeyer/programs/ares_release/../../data/ares_compare/reconstructed/pdb_6/2r8s_R_nr_4.0_39627.4_R_rn26.cg.reconstr.pdb
11.3045607,2azx_D_nr_4.0_98033.1_D_rn63.cg.reconstr.pdb,0,/scr/risa/mgeyer/programs/ares_release/../../data/ares_compare/reconstructed/pdb_2/2azx_D_nr_4.0_98033.1_D_rn63.cg.reconstr.pdb
11.355629,1b23_R_nr_4.0_34221.1_R_rn38.cg.reconstr.pdb,0,/scr/risa/mgeyer/programs/ares_release/../../data/ares_compare/reconstructed/pdb_1/1b23_R_nr_4.0_34221.1_R_rn38.cg.reconstr.pdb
11.3693676,2xxa_F_nr_4.0_57933.1_F_rn34.cg.reconstr.pdb,0,/scr/risa/mgeyer/programs/ares_release/../../data/ares_compare/reconstructed/pdb_4/2xxa_F_nr_4.0_57933.1_F_rn34.cg.reconstr.pdb
11.3849077,1b23_R_nr_4.0_34221.1_R_rn64.cg.reconstr.pdb,0,/scr/risa/mgeyer/programs/ares_release/../../data/ares_compare/reconstructed/pdb_1/1b23_R_nr_4.0_34221.1_R_rn64.cg.reconstr.pdb
11.4104366,2il9_A_nr_4.0_47156.1_A_rn10.cg.reconstr.pdb,0,/scr/risa/mgeyer/programs/ares_release/../../data/ares_compare/reconstructed/pdb_3/2il9_A_nr_4.0_47156.1_A_rn10.cg.reconstr.pdb
11.415657,2il9_A_nr_4.0_47156.1_A_rn55.cg.reconstr.pdb,0,/scr/risa/mgeyer/programs/ares_release/../../data/ares_compare/reconstructed/pdb_3/2il9_A_nr_4.0_47156.1_A_rn55.cg.reconstr.pdb
11.4163237,2il9_A_nr_4.0_47156.1_A_rn24.cg.reconstr.pdb,0,/scr/risa/mgeyer/programs/ares_release/../../data/ares_compare/reconstructed/pdb_3/2il9_A_nr_4.0_47156.1_A_rn24.cg.reconstr.pdb
11.4199638,2xxa_F_nr_4.0_57933.1_F_rn45.cg.reconstr.pdb,0,/scr/risa/mgeyer/programs/ares_release/../../data/ares_compare/reconstructed/pdb_4/2xxa_F_nr_4.0_57933.1_F_rn45.cg.reconstr.pdb
11.4651976,2quw_B_nr_4.0_36634.1_B_rn32.cg.reconstr.pdb,0,/scr/risa/mgeyer/programs/ares_release/../../data/ares_compare/reconstructed/pdb_5/2quw_B_nr_4.0_36634.1_B_rn32.cg.reconstr.pdb
11.4851618,2il9_A_nr_4.0_47156.1_A_rn28.cg.reconstr.pdb,0,/scr/risa/mgeyer/programs/ares_release/../../data/ares_compare/reconstructed/pdb_3/2il9_A_nr_4.0_47156.1_A_rn28.cg.reconstr.pdb
11.4860382,2il9_A_nr_4.0_47156.1_A_rn87.cg.reconstr.pdb,0,/scr/risa/mgeyer/programs/ares_release/../../data/ares_compare/reconstructed/pdb_5/2il9_A_nr_4.0_47156.1_A_rn87.cg.reconstr.pdb
11.5138111,2xxa_F_nr_4.0_57933.1_F_be081.cg.reconstr.pdb,0,/scr/risa/mgeyer/programs/ares_release/../../data/ares_compare/reconstructed/pdb_4/2xxa_F_nr_4.0_57933.1_F_be081.cg.reconstr.pdb
11.5640497,2il9_A_nr_4.0_47156.1_A_rn57.cg.reconstr.pdb,0,/scr/risa/mgeyer/programs/ares_release/../../data/ares_compare/reconstructed/pdb_3/2il9_A_nr_4.0_47156.1_A_rn57.cg.reconstr.pdb
11.6064625,2il9_A_nr_4.0_47156.1_A_rn41.cg.reconstr.pdb,0,/scr/risa/mgeyer/programs/ares_release/../../data/ares_compare/reconstructed/pdb_3/2il9_A_nr_4.0_47156.1_A_rn41.cg.reconstr.pdb
11.6388302,2azx_D_nr_4.0_98033.1_D_rn07.cg.reconstr.pdb,0,/scr/risa/mgeyer/programs/ares_release/../../data/ares_compare/reconstructed/pdb_2/2azx_D_nr_4.0_98033.1_D_rn07.cg.reconstr.pdb
11.6424465,2il9_A_nr_4.0_47156.1_A_rn71.cg.reconstr.pdb,0,/scr/risa/mgeyer/programs/ares_release/../../data/ares_compare/reconstructed/pdb_5/2il9_A_nr_4.0_47156.1_A_rn71.cg.reconstr.pdb
11.6507263,2il9_A_nr_4.0_47156.1_A_rn26.cg.reconstr.pdb,0,/scr/risa/mgeyer/programs/ares_release/../../data/ares_compare/reconstructed/pdb_3/2il9_A_nr_4.0_47156.1_A_rn26.cg.reconstr.pdb
11.6573105,2qus_A_nr_4.0_40252.1_A_rn67.cg.reconstr.pdb,0,/scr/risa/mgeyer/programs/ares_release/../../data/ares_compare/reconstructed/pdb_5/2qus_A_nr_4.0_40252.1_A_rn67.cg.reconstr.pdb
11.7230558,2il9_A_nr_4.0_47156.1_A_rn13.cg.reconstr.pdb,0,/scr/risa/mgeyer/programs/ares_release/../../data/ares_compare/reconstructed/pdb_3/2il9_A_nr_4.0_47156.1_A_rn13.cg.reconstr.pdb
11.7304926,2il9_A_nr_4.0_47156.1_A_rn36.cg.reconstr.pdb,0,/scr/risa/mgeyer/programs/ares_release/../../data/ares_compare/reconstructed/pdb_3/2il9_A_nr_4.0_47156.1_A_rn36.cg.reconstr.pdb
11.7521133,2il9_A_nr_4.0_47156.1_A_rn17.cg.reconstr.pdb,0,/scr/risa/mgeyer/programs/ares_release/../../data/ares_compare/reconstructed/pdb_3/2il9_A_nr_4.0_47156.1_A_rn17.cg.reconstr.pdb
11.7673693,2il9_A_nr_4.0_47156.1_A_rn80.cg.reconstr.pdb,0,/scr/risa/mgeyer/programs/ares_release/../../data/ares_compare/reconstructed/pdb_5/2il9_A_nr_4.0_47156.1_A_rn80.cg.reconstr.pdb
11.7931585,2r8s_R_nr_4.0_39627.4_R_be080.cg.reconstr.pdb,0,/scr/risa/mgeyer/programs/ares_release/../../data/ares_compare/reconstructed/pdb_6/2r8s_R_nr_4.0_39627.4_R_be080.cg.reconstr.pdb
11.8023386,2r8s_R_nr_4.0_39627.4_R_rn18.cg.reconstr.pdb,0,/scr/risa/mgeyer/programs/ares_release/../../data/ares_compare/reconstructed/pdb_6/2r8s_R_nr_4.0_39627.4_R_rn18.cg.reconstr.pdb
11.8476658,2qus_A_nr_4.0_40252.1_A_rn56.cg.reconstr.pdb,0,/scr/risa/mgeyer/programs/ares_release/../../data/ares_compare/reconstructed/pdb_5/2qus_A_nr_4.0_40252.1_A_rn56.cg.reconstr.pdb
11.8499622,2xxa_F_nr_4.0_57933.1_F_rn46.cg.reconstr.pdb,0,/scr/risa/mgeyer/programs/ares_release/../../data/ares_compare/reconstructed/pdb_4/2xxa_F_nr_4.0_57933.1_F_rn46.cg.reconstr.pdb
11.861619,2azx_D_nr_4.0_98033.1_D_rn51.cg.reconstr.pdb,0,/scr/risa/mgeyer/programs/ares_release/../../data/ares_compare/reconstructed/pdb_2/2azx_D_nr_4.0_98033.1_D_rn51.cg.reconstr.pdb
11.9108744,2il9_A_nr_4.0_47156.1_A_rn69.cg.reconstr.pdb,0,/scr/risa/mgeyer/programs/ares_release/../../data/ares_compare/reconstructed/pdb_5/2il9_A_nr_4.0_47156.1_A_rn69.cg.reconstr.pdb
11.9524269,2xxa_F_nr_4.0_57933.1_F_rn13.cg.reconstr.pdb,0,/scr/risa/mgeyer/programs/ares_release/../../data/ares_compare/reconstructed/pdb_4/2xxa_F_nr_4.0_57933.1_F_rn13.cg.reconstr.pdb
11.9649525,2xxa_F_nr_4.0_57933.1_F_rn02.cg.reconstr.pdb,0,/scr/risa/mgeyer/programs/ares_release/../../data/ares_compare/reconstructed/pdb_4/2xxa_F_nr_4.0_57933.1_F_rn02.cg.reconstr.pdb
11.9673042,2azx_D_nr_4.0_98033.1_D_rn38.cg.reconstr.pdb,0,/scr/risa/mgeyer/programs/ares_release/../../data/ares_compare/reconstructed/pdb_2/2azx_D_nr_4.0_98033.1_D_rn38.cg.reconstr.pdb
11.983839,2il9_A_nr_4.0_47156.1_A_rn03.cg.reconstr.pdb,0,/scr/risa/mgeyer/programs/ares_release/../../data/ares_compare/reconstructed/pdb_3/2il9_A_nr_4.0_47156.1_A_rn03.cg.reconstr.pdb
12.1050797,1e7k_C_nr_4.0_43622.1_C_rn62.cg.reconstr.pdb,0,/scr/risa/mgeyer/programs/ares_release/../../data/ares_compare/reconstructed/pdb_1/1e7k_C_nr_4.0_43622.1_C_rn62.cg.reconstr.pdb
12.2873859,2xxa_F_nr_4.0_57933.1_F_be090.cg.reconstr.pdb,0,/scr/risa/mgeyer/programs/ares_release/../../data/ares_compare/reconstructed/pdb_4/2xxa_F_nr_4.0_57933.1_F_be090.cg.reconstr.pdb
12.2873859,2xxa_F_nr_4.0_57933.1_F_be091.cg.reconstr.pdb,0,/scr/risa/mgeyer/programs/ares_release/../../data/ares_compare/reconstructed/pdb_4/2xxa_F_nr_4.0_57933.1_F_be091.cg.reconstr.pdb
12.3210096,2il9_A_nr_4.0_47156.1_A_rn77.cg.reconstr.pdb,0,/scr/risa/mgeyer/programs/ares_release/../../data/ares_compare/reconstructed/pdb_5/2il9_A_nr_4.0_47156.1_A_rn77.cg.reconstr.pdb
12.3920441,2xxa_F_nr_4.0_57933.1_F_rn26.cg.reconstr.pdb,0,/scr/risa/mgeyer/programs/ares_release/../../data/ares_compare/reconstructed/pdb_4/2xxa_F_nr_4.0_57933.1_F_rn26.cg.reconstr.pdb
12.3990479,2il9_A_nr_4.0_47156.1_A_rn89.cg.reconstr.pdb,0,/scr/risa/mgeyer/programs/ares_release/../../data/ares_compare/reconstructed/pdb_5/2il9_A_nr_4.0_47156.1_A_rn89.cg.reconstr.pdb
12.4325399,1b23_R_nr_4.0_34221.1_R_rn18.cg.reconstr.pdb,0,/scr/risa/mgeyer/programs/ares_release/../../data/ares_compare/reconstructed/pdb_1/1b23_R_nr_4.0_34221.1_R_rn18.cg.reconstr.pdb
12.4770193,2il9_A_nr_4.0_47156.1_A_rn29.cg.reconstr.pdb,0,/scr/risa/mgeyer/programs/ares_release/../../data/ares_compare/reconstructed/pdb_3/2il9_A_nr_4.0_47156.1_A_rn29.cg.reconstr.pdb
12.6352806,2il9_A_nr_4.0_47156.1_A_rn50.cg.reconstr.pdb,0,/scr/risa/mgeyer/programs/ares_release/../../data/ares_compare/reconstructed/pdb_3/2il9_A_nr_4.0_47156.1_A_rn50.cg.reconstr.pdb
12.6826315,2il9_A_nr_4.0_47156.1_A_rn88.cg.reconstr.pdb,0,/scr/risa/mgeyer/programs/ares_release/../../data/ares_compare/reconstructed/pdb_5/2il9_A_nr_4.0_47156.1_A_rn88.cg.reconstr.pdb
12.753355,1e7k_C_nr_4.0_43622.1_C_rn50.cg.reconstr.pdb,0,/scr/risa/mgeyer/programs/ares_release/../../data/ares_compare/reconstructed/pdb_1/1e7k_C_nr_4.0_43622.1_C_rn50.cg.reconstr.pdb
13.1365938,1e7k_C_nr_4.0_43622.1_C_rn13.cg.reconstr.pdb,0,/scr/risa/mgeyer/programs/ares_release/../../data/ares_compare/reconstructed/pdb_1/1e7k_C_nr_4.0_43622.1_C_rn13.cg.reconstr.pdb
13.1973219,1e7k_C_nr_4.0_43622.1_C_rn51.cg.reconstr.pdb,0,/scr/risa/mgeyer/programs/ares_release/../../data/ares_compare/reconstructed/pdb_1/1e7k_C_nr_4.0_43622.1_C_rn51.cg.reconstr.pdb
13.6920567,1e7k_C_nr_4.0_43622.1_C_rn39.cg.reconstr.pdb,0,/scr/risa/mgeyer/programs/ares_release/../../data/ares_compare/reconstructed/pdb_1/1e7k_C_nr_4.0_43622.1_C_rn39.cg.reconstr.pdb
13.9379883,1e7k_C_nr_4.0_43622.1_C_rn14.cg.reconstr.pdb,0,/scr/risa/mgeyer/programs/ares_release/../../data/ares_compare/reconstructed/pdb_1/1e7k_C_nr_4.0_43622.1_C_rn14.cg.reconstr.pdb
14.041605,1e7k_C_nr_4.0_43622.1_C_rn84.cg.reconstr.pdb,0,/scr/risa/mgeyer/programs/ares_release/../../data/ares_compare/reconstructed/pdb_1/1e7k_C_nr_4.0_43622.1_C_rn84.cg.reconstr.pdb
